{"UR3":{"moves":[]},"UR5":{"moves":[[[0.7604,-0.6863,1.4395,-0.9735,-2.3307,-1.6243],[1.1257888078689575,-0.6777852217303675,1.4477958679199219,-0.8353250662433069,-2.017569367085592,-1.6241501013385218]],[[0.6678760051727295,-1.054394547139303,2.27823543548584,-1.27356464067568,-1.9315717856036585,-1.6239584128009241],[1.288573145866394,-1.054394547139303,2.255520820617676,-1.3055723349200647,-1.3950546423541468,-1.623838249837057]],[[1.381865382194519,-0.5155862013446253,1.1269712448120117,-0.6844280401812952,-1.804650608693258,-1.6229766050921839],[1.784870982170105,-0.5278976599322718,1.1267433166503906,-0.6861174742328089,-1.490225617085592,-1.6228926817523401]],[[0.9974732995033264,-0.6705206076251429,1.5088768005371094,-0.7131732145892542,1.1021449565887451,0.4963712692260742],[0.8630080223083496,-0.629066292439596,1.5088529586791992,-0.8960445562945765,1.1017374992370605,0.0708690881729126]],[[0.8034288287162781,-0.7469185034381312,1.761634349822998,-1.0403731505023401,0.9346643090248108,0.12088824808597565],[0.602113664150238,-0.7343671957599085,1.7523527145385742,-1.0406726042376917,0.8942411541938782,0.0669783353805542]],null,null,null,null,null,null,[[1.4565361738204956,-1.221642796193258,1.5085411071777344,-0.6166194120990198,-1.6150172392474573,-1.5571301619159144],[1.7384474277496338,-0.7426026503192347,1.3405799865722656,-0.616978947316305,-1.6149933973895472,-1.5571063200580042]]],"Passage":[1.3807995319366455,-1.1930096785174769,1.9801373481750488,-0.7865966002093714,1.5406616926193237,-1.5372098127948206],"Cache":[1.484484076499939,0.0345456600189209,0.0025277137756347656,-0.036533657704488576,1.5739591121673584,-3.108558718358175]}}